Column1.1;Column1.2;Column1.3;Column1.4;Column1.5;Column1.6;Column1.7;Column1.8;Column1.9;Column1.10;Column1.11;Column1.12;Column1.13;Column1.14;Column1.15;Column1.16;Column1.17
Run ID;Date;Agent A;Agent B;Games;Base seed;A wins;B wins;A win rate;Avg actions/game;Busts/turn mean (A);Busts/turn var (A);Busts/turn mean (B);Busts/turn var (B);A params;B params;Notes
001;2026-01-18;MCTS;expecti_timed;500;123;389.0;111.0;0.778;95.41;0.2899;0.032434;0.5423;0.039641;iter=1_000_000;;
002;2026-01-19;Hybrid;MCTS;500;123;233;267;0.466;92.23;0.5013;0.059712;0.3118;0.036545;;all default;
003;2026-01-18;500;123;Hybrid;Rule;267;233;0.534;108.64;0.5206;0.061999;0.5087;0.034641;
004;2026-01-19;50;123;hybrid;ann;223;277;0.446;99.52;0.4848;0.058912;0.4001;0.075012;
006;2026-01-19;ANN;Rule;500;123;288;222;0.576;102.70;0,4123;0,078043;0,5138;0,034517;
007;2026-01-19;ANN;MCTS;500;123;223;277;0,446;91,22;0,4433;0,075836;0,3186;0,042526;
008;2026-01-19;ANN;Expectiminimax;500;123;313;187;0,626;113,67;0,3801;0,073814;0,6919;0,061719;
009;2026-01-18;mcts;rule;500;123;303;197;0.606;97.53;0.3297;0.038087;0.5171;0.035961;"";"";""
;;;;;;;;;;;;;;;;
